Step,Total Reward
1,1.4421863340652137
2,1.3546893640098148
3,0.6824731700089047
4,1.483287006705033
