Episode,Total Reward
1,2.956216578560536
2,2.612789617982774
