Episode,Reward
1,1.5370772517797313
2,1.4232062757895343
3,1.0350842647186502
4,1.3483756795075408
5,0.5279056727197443
