Episode,Total Reward
1,448.68871555145483
2,441.7252106011368
