Episode,Total Reward
1,379.3558299099525
2,447.2086329394268
3,449.55959884730555
4,409.35635322109664
5,437.4348322353825
6,409.9443186987714
7,351.54044348540674
8,330.60402906552855
9,449.8642374683589
10,401.98031109823256
