Episode,Reward
1,1.3631397583332088
2,1.419051908539351
3,1.0275210081586978
4,1.4325487206672882
5,0.9279108655495192
