Episode,Total Reward
1,722.1499499965248
2,677.6978621659401
3,697.4738990504115
4,695.3233508822203
5,660.9257577848135
