Episode,Total Reward
1,48.6225191865618
2,48.01361529993487
3,40.626104309470094
4,49.12563694078317
5,48.76491673356821
