Episode,Total Reward
1,295.0241808969549
2,401.40491575498623
3,361.828377187881
4,399.6154673540252
5,427.01923111497103
