Episode,Total Reward
1,226.93279582610768
2,224.1977460727606
