Episode,Total Reward
1,5.206431497519123
2,5.4215605570110945
