Episode,Total Reward
0,21.985556705694144
1,21.781591040584622
2,21.408789588862238
3,24.308355287469993
4,20.54954829676712
5,21.250694896975187
