Episode,Total Reward
1,2.0968953653782965
2,2.570699357980873
