Episode,Reward
1,1.315177545279402
2,0.9506378484444029
3,1.364478935325224
4,1.3817075799050627
5,1.3306966126604731
